"","V1"
"1","unhealthy obsessions. - 22/04/2010"
"2","power lunch"
"3","Me and Brooke"
"4","Frosty Morning"
"5","Chill Day."
"6","Lily"
"7","Spring has returned  //  The earth is like a child  //  that knows poems"
"8","in search of the light"
"9","onehundredandfourteen"
"10","Mr Lee"
"11","Wind is the love we don't understand but feel"
"12","Chill axing!! ;o)"
"13","Sill-Chiller"
"14","Marvin Hagler"
"15","Billy Wirth and me"
"16","Abel"
"17"," come on"
"18"," give me the keys"
"19"," man"
"20","Seoul Town Tapas by Chef Debbie Lee"
"21","Illuminato"
"22","Dunes"
"23","Molly's chilling out"
"24","chill-out-sessel-gaidaphotos"
"25","Las Vegas Adobe User Group"
"26","putos crew"
"27","Back Home for Tea"
"28","Diva Chilling on Porch"
"29","lasse is chilling"
"30","Chill-out"
"31","keke in red"
"32","Yellowhammer"
"33","emma-lisa-eat-eat"
"34","Lily Chills Out"
"35","Chilling with Burp Bunny"
"36","best rice pudding ever"
"37","Tank Helm Lack WH"
"38","The_Chills_2008_TxF8pX"
"39","drinks chilling"
"40","Goan chilling"
"41","Sunflower City Chill out on the Beach"
"42","Chill'n @ at the beach"
"43","Ed Plaid - Smash UK Presents @ The Big Chill House"
"44"," London"
"45","Sixx and Ofelia"
"46","Seay ""A Winter Blessing"""
"47","Restaurante El Trasgu - Torrelodones"
"48","St. Maarten"
"49"," Local Fishermen Boats"
"50","Our very own ballerina surfer chick"
"51"," chilling in Bali"
"52","outside chilling - 08.04.2010"
"53","twoboys_5585"
"54","jason-donovan-1"
"55","Lazy Sunday (145/365)"
"56","Chill!"
"57","Vogue cover :))"
"58","Just chilling ya know!"
"59","Retirement (115/365)"
"60","Because it's Like That and That's the Way it is."
"61","scott and kana chilling"
"62","G. shot."
"63","he thought me photography."
"64","jimmy just chilling"
"65","Epik"
"66","Chill out not flat out"
"67","maeby going apeshit for a balloon"
"68","cedar tree"
"69","Bild 258"
"70","As I see it ..."
"71","blue chilling out"
"72","engardenation 2010"
"73"," part 1"
"74","pro pins"
"75","Two kings"
"76","Spring chill"
"77","Sofie chilling"
"78","Just Chilling"
"79","flyer"
"80","a cute monkey chilling after a full stomach of garbage at Angkor Wat"
"81","Chilling.."
"82","My stick"
"83","Jewellery and Musa Dag from the Chill House"
"84"," Adrasan April 2010"
"85","Hung Jurist - So Chill"
"86","chilled"
"87","Chilling In Deckchairs"
"88","Cold Chilling"
"89","Chilling in Liverpool"
"90","Chill Sea Otters"
"91","Chilling out!!"
"92","he's just chillin'"
"93"," kickin' it. the dude is cool. he straight chills within the color spectrum time travelin here and there just kickin' it"
"94"," chillaxin'"
"95"," straight rick rossin' it kickin' it like one of the old school funky dudes"
"96","focus"
"97","walk"
"98","sarah-chilling-with-a-book-in-a-quiet-corner-of-the-surf-resort"
"99","William @ 2 wks"
"100","grandfather and grandson chilling"
"101","Don Chilling - Rue Point"
"102","chilling on table mountain 2"
"103","one happy Rudi"
"104","Polar"
"105","Mad Reflection......."
"106","chilling."
"107","Yum Yum . . ."
"108","Roadburn Official Chill Out Zone at The Grass Company"
"109","Seay"
"110","skate slash chill day 015"
"111","My Elusive Drug"
"112","Creepy"
"113","Table Layout Brickworld"
"114","Growing_Old_Too_Quickly"
"115","JeanPaulSartre"
"116","Al E. Gatour enjoys his chilled strawberry soup"
"117","Rocking tht shit out"
"118","Sunken City"
"119","andy"
"120","Some dudes chilling by the bikes"
"121"," but look at all those bikes!"
"122","seaside throw"
"123","Chilling the deviled eggs"
"124","Miller Chill"
"125","Take a chill pill"
"126","chilling at hotel vitale"
"127","Chill_Out_Central_Banff"
"128","Cutest pup of the day award goes to..."
"129","Jodi"
"130","Summer is here 114/365"
"131","just relaxe"
"132","Retro Suites Hotel - Chatham"
"133"," Ontario"
"134","Chilling @ home watching blu-ray movies after a long day's work"
"135","Strata Center Take II"
"136","Relax"
"137","Cuzins - Avery"
"138","Georges Rouault"
"139"," Bella Matribus Detestata. [War"
"140"," hated by mothers]"
"141","Dragon chilling"
"142","masks"
"143","full of pride"
"144","Pool hall boy- Antonia Musgrave"
"145","Orels"
"146","sakura chill"
"147","Grey Heron - Regent's Park - London."
"148","Chilling with Hobbs"
"149","Tattoo"
"150","Sosyo Bokeh"
"151","Tony chills out with Happy"
"152","Spine-Chilling."
"153","monkey chills with the pope"
"154","San Diego Zoo "
"155","Raggedy Anns Van"
"156","The Tides A Turning."
"157","Emerald Island"
"158","Anyone for Tiffin?"
"159","Vash"
"160","Giraffe! (3)"
"161","at nights"
"162","chilling by the beach_002"
"163","I could use a couple more of me. 5.365"
"164","The Chapel"
"165","Con 2"
"166","A practice photoshoot i did with vivian and noah for fun. this is the first of 2 that we have planned! haha April 25th"
"167"," 2010i like to chill in trees sometimes.. no big deal! ;]"
"168","Easy Sunday"
"169","Saturday Morning Chilling"
"170","salmon piquante"
"171","Wilber loves to chill in the sink"
"172","Skate"
"173","Creepy Little Man"
"174","coast mtns"
"175","Chilling @ Roofterras"
"176","arcadia"
"177","Mulberry Granita"
"178","Loch Chill Chroisd"
"179","Dunnock"
"180","Monday Dream"
"181","Super chill"
"182","Chill-axing"
"183","chilling under the poles for the shoes"
"184","Chill-en"
"185","at navy pier"
"186","Chilling in the chilly weather"
"187","Chilling is allowed"
"188","Yang Ming Shan"
"189","Helping hand"
"190","Ode to 4/20/2010"
"191","Dustin."
"192","good afternoon: cheesecake"
"193","Big Chill"
"194"," Brick Lane"
"195","Lhasa Beer"
"196"," Chilled for Spring Beer and Wine Fest Enjoyment"
"197","Take A Chill Pill <3"
"198","Phone Calls from Home"
"199","Remio"
"200","UnPainted ARMN Panel"
"201","egg chill"
"202","wall of goodness"
"203","chilling fishermann"
"204","ava2"
"205","in my PJs chilling"
"206","Chilling in the garden of Hotel Rey Juan Carlos I"
"207"," Barcelona"
"208","Dreamer's Sunset"
"209","Chiller"
"210","Mango Pudding"
"211","reflect upon time:"
"212","Beau"
"213"," Taro and Tristan- three brothers chilling"
"214","chilled whisky."
"215","Peg & Billy Wirth"
"216","Roger Rabbit"
"217","Amroc Full"
"218","Chilled wine at Blazzues"
"219","Pile up for Chill :D"
"220","Chilling out at Parque Guell"
"221","Ten-nis"
"222","Kose"
"223","where would we be"
"224"," if we couldn't dream?"
"225","Softly"
"226","woody chilling"
"227","Chill i Tilden!"
"228","moshang zhao group Shang's Gang"
"229","I gotta feeling that tonight's gonna be a good night.. [99:365]"
"230","One day like this"
"231","chill out statt burnout"
"232","East Coast Seafood Centre"
"233","i chill"
"234","Breakfast: hot chocolate milan and pain au chocolat in Nero"
"235","The giant refrigerator for chilling the free iced coffee by Seattle's Best."
"236","Spring Soup Sips"
"237","Louvre"
"238","Benchmark"
"239","Wisteria in our Chill Zone"
"240","Chill"
"241"," Relax"
"242"," Smoke weed."
"243","Inner Hebrides"
"244","Chilling- one month"
"245","Peace & Relaxation at last"
"246","Duck Mafia"
"247","James Smith - Smash UK Presents @ The Big Chill House"
"248"," London"
"249","My mathmos chill out zone"
"250","inside out"
"251","Deuce Seven"
"252","Prospect Park Brooklyn"
"253","Chilling in the Atrium - National Gallery"
"254"," West Buildling"
"255","Tantus and Ellie 8D"
"256","they go mad chill 2003"
"257","Window Sill"
"258","nite lights"
"259","doooood"
"260","Monkey Chill"
"261","Ears"
"262","Front Side Chill"
"263","sunshine and shades."
"264","Portrait of Anna"
"265","Railway arch in Cumbria"
"266","The Howgill Fells in Winter"
"267","Bassenthwaite ospreys just mossing about."
"268","Duck chilling"
"269","definition of chill"
"270","Keep chilling"
"271","Chilling at Noanne's"
"272","Alhana"
"273","racoon chilling on a tree"
"274","jus chilled"
"275","Trede"
"276","Grandma Serafina"
"277","Chill out time"
"278","huh"
"279"," the pillow it's mine!"
"280","Free moment"
"281","Neil Landstrumm - Smash UK Presents @ The Big Chill House"
"282"," London"
"283","Fire & Ice"
"284","color-chill"
"285","Pill Box"
"286","Chilling On a Mushroom"
"287","puggy :D"
"288","Madeira: Ipadding"
"289","Oh I know you hate them..."
"290","Gunhild"
"291","Sunday Sounds for Work"
"292","Asparagus with Chill"
"293"," Garlic"
"294"," Sesame Seeds"
"295"," Ginger "
"296"," Soy Sauce and Lime Juice"
"297","me and Rich"
"298","lynda-bellingham"
"299","Trance Candies Episode 1"
"300","sunset light"
"301","Bunny Ears"
"302","me and kennys feet chilling in our cabana poolside looking to the ocean"
"303","In the bathroom"
"304","Reflections on Loss : Tennyson Memorial : Isle of Wight UK"
"305","boat"
"306","Chilling at the Park"
"307","Oh"
"308"," I guess she's chill."
"309","Just sit on it"
"310","At the Beach II"
"311","Out but still in her box...."
"312","Wild duck chilling under a truck in a parking lot in Spananway!"
"313","Stage"
"314","so Happy!"
"315","Booth across from mine"
"316","space 12"
"317","A robin chilling"
"318","While the party rages on..."
"319","Shadow"
"320","Winter Campsite Snow"
"321","chilling before the prom"
"322","Mo & Frank chill"
"323"," Mark looks for a deal"
"324","Wrapped tightly against a chill wind she just remembered from a long time ago & no amount of current time & temperature can help this one"
"325","Chill Out"
"326","Joe Trimarchi"
"327"," turndown in the dark"
"328","Chillin on a bench"
"329"," which I also chilled on 2 days ago"
"330"," but could keep my feet dry!"
"331","Chill (out)."
"332","rainbow!"
"333","chill out no2"
"334","geese at biltmore"
"335","Chilled Day"
"336","Guol"
"337","Home."
"338","in the surf"
"339","Lounging around on a Sunday"
"340","In The Morning Chill"
"341","To The Beach"
"342","Dude chilling out"
"343","chilling in the sun x"
"344","The Barns"
"345","Cool Dude"
"346","River and Daddy chilling"
"347","The Chills"
"348","petite lune"
"349","Don't Label Me; I'm Not A Junkie"
"350","not even May yet"
"351","i caught a chill"
"352"," and it's still frozen on my skin."
"353","Keith and Mike chilling in the World Tent"
"354","Chill Kangaroo"
"355","mid-spring"
"356","Grand Canyon: Sunrise at the South Rim"
"357"," Christmas Day"
"358","Campfire"
"359","Wyatt Keel"
"360","This picture just gave you chills"
"361"," didn't it"
"362","Chilling Duck"
"363","Chill out..."
"364","Starting to chill with yummy Thai leftovers"
"365"," Disney's Earth on the roomies' 60"" TV and the twins!! ;)"
"366","Banana"
"367","fru chilling 007"
"368","The girls chilling in the water"
"369","Chilling at the radar"
"370","New England Living room chill out room for Colin and Justin Top Tv Interior Designers Wall Panelling"
"371","The Gay Toddler's Play Area?"
"372","Chilling at the condo"
"373","OC on the roof...again!"
"374","MeetupSpot"
"375","gotto"
"376","Everyone Chilling In The Living Room"
"377","Amazon"
"378"," Ecuador"
"379","Slackline"
"380","Wishlist"
"381","Irvine Lake"
"382","LateNiteFrank"
"383","Reflection of a weekend"
"384","chilling on the carpet.."
"385","Sunflower Party and Chill out"
"386","insecure"
"387","chill'n bass"
"388","matt chilling on the beach"
"389","natural fridge"
"390","Being... Chilled."
"391","jellies. they know how to chill."
"392","Stephanie"
"393","Bild 270"
"394","old shisha master ziggy"
"395","Chill! Its a Dog's Life!"
"396","chill crowd 2003"
"397","icemoon party at alien frequency"
"398","chilling at the arch"
"399","chilling in the berg"
"400","Trees"
"401","brewery"
"402","bomber"
"403","Chilling at the fire pit"
"404","Chamber_of_Chills_19"
"405","Reflection on a Pond"
"406","such a lovely day"
"407","MeowMeow felt a bit of a chill"
"408","The Baths"
"409"," Virgin Gorda"
"410","austin chilling with matt"
"411","Im free!!!"
"412","Suga"
"413","The Gillettes at Chiller"
"414","Sloppy Gator"
"415","gigi"
"416","Show me what I'm looking for ..."
"417","Kid Robot Munny"
"418","Wood Pigeon in Eucalyptus Tree."
"419","Chilling out at 2500 feet"
"420","Frenchie chills out"
"421","Wasp cooling off."
"422","MoShang Zhao ambiant musician"
"423","Bear Bench - 114/365 - 04/24/10"
"424","Richard Norris - Smash UK Presents @ The Big Chill House"
"425"," London"
"426","The New ""Chill"" Gang"
"427","Friendship"
"428","Thursday nights"
"429","chill like an ice cube;;"
"430","My lovely Poppy."
"431","Henry"
"432","Chilled Baboon"
"433","But somehow I still get the chills."
"434","Bonzo the bonobo just chilling thinking"
"435","bar25 - berlin"
"436","Yun Zi chilling in his hammock"
"437","ohhh...she...."
"438","day one hundred one"
"439","Organic Flowers- warm weather violets"
"440","Chill-laxing"
"441","Life is a delicacy - III"
"442","matt chilling after a long hike"
"443","Summer Time"
"444","Valley of Light"
"445","Gloucester Cathedral"
"446","take a chill pill"
"447","Em chilling in my APT"
"448","Chilled Melon Soup at home"
"449","skate slash chill day 021"
"450","Live In Field"
"451","Dave"
"452","Chilled Express"
"453","end of a lovely weekend"
"454"," chilling at kimmeridge"
"455","Chill out before the party mania"
"456","cavern 567"
"457","Boozy Friday Night Bath 16/52"
"458","Hunter chilling 2"
"459","Green Team"
"460","chill yo"
"461","Forty winks ......"
"462","chill.."
"463","Life on a ""pinne"""
"464","Chilling in the Sun"
"465","Dowa making snacks"
"466"," and fresh lilies :)"
"467","icemoon records"
"468","Is so complicated speak of love now..."
"469","Myth"
"470"," Bonus"
"471","Munk"
"472"," Retar"
"473","Shorelines No.6"
"474","My Sweet Florine"
"475","Just chilling'"
"476","Lady chills with ratz"
"477","Grand Yosemite"
"478","Sexy Skateboarder Alert!"
"479","chill"
"480","chilled"
"481"," chillin'"
"482","Record Store Day"
"483","Slurp and Burp"
"484","One of the most relaxed dogs I've ever seen"
"485","Monkey Pow-wow"
"486","Louis"
"487","Import Model?"
"488","film locale - hammock chill"
"489","No painted scenes.."
"490","Man and his tractor 141"
"491","looking at fireplace of living room chill out room 60 minute makeover Colin  and Justin Top Tv Interior Designers  Wall Panelling Ideas"
"492","Chill cycle 2"
"493","Under the Sun"
"494","Ellie Chilling"
"495","kettle"
"496","St. John Trip"
"497","The  Room"
"498","The XX at Coachella 2010"
"499","Sydney"
"500"," Australia"
"501","Fiona miradita"
"502","Going down"
"503","Singapore Botanic Gardens - Carnivorous Plant"
"504","Prosecco anyone?"
"505","Blue Eyed Jack"
"506","fourty six."
"507","tired young girl. - 18/04/2010"
"508","blue car with huge rims and a chill arm"
"509","Chill Time"
"510","Not exactly mother of the year"
"511","Simon chilling"
"512","Sunday Action"
"513","Amigas"
"514","And the Raven came to rescue me..."
"515","Just Chilling..."
"516","Chilling in the whip..."
"517","chillin-mate"
"518","HonorSnap"
"519","Chill Bar"
"520","Sunset"
"521","Panunch and Gelo"
"522","Chilling in SF"
"523"," April 2009"
"524","chill out cafe"
"525","Dubai"
"526","a chill out drink after a fun night"
"527","fall"
"528","Ella & Nem on the swings"
"529","Stobe88"
"530","jesse-and-becky-chilling-by-the-pool-in-Nosara"
"531","Sir Ozzelot is chilling in pink"
"532","Chilling!!!"
"533","chilling out after lunch"
"534","beelly cellblock mate 26.04.2010a"
"535","Mr. Ape chilling"
"536","where is my mind?"
"537","I show the wind how to fly"
"538","Stanley Park - Blackpool"
"539","coolest place to stay in Marrakech"
"540","me and mi baby sis again way better pic"
"541","Triana's Final Death"
"542","nest buds"
"543","The Kings Garden"
"544","Orphea"
"545"," chilling"
"546","The Village Green"
"547","Stoke Chill"
"548","chilling by the canal"
"549","Mayur & Daniel"
"550"," chilling"
"551","Lac Leman"
"552","Train through Killiney Hill"
"553","Chilling entertainment"
"554","People"
"555","chill out baby ))"
"556","Alfie Chillaxing."
"557","this bird wasn't told humans were to be avoided 170410"
"558","Great View"
"559","Hall-Co-Turkey-crowd-chills-for-Wills"
"560","christian"
"561","Chad bro chill right?"
"562","iPhone photoblog - day 34"
"563","ceaser & me"
"564","Chill Zone"
"565","chilling..."
"566","Green turtle chilling on the sand."
"567","underdreamtime"
"568","Savvy Le Chill - Jingle Punks "
"569"," Jingle Schmingle"
"570","Look how cute we are mum!!"
"571","Hunter chilling"
"572","Chilling Between Dives"
"573","Splash of colour"
"574","tible chilling"
"575","A new departure for Stobart recently has been a chilled division"
"576","St Neots Riverside park...."
"577","Wesley at the dog park"
"578","Lieu Fatale"
"579","Roger and Mark chilling in the front."
"580","hansy and dixie chilling on the porch"
"581","Chilling in the square"
"582","Coffe Chill"
"583","three cheers for Tiger"
"584","Ella chilling..."
"585","Chilling out in our static caravan!"
"586","Evening chill-Kandy"
"587","Hula."
"588","hello"
"589"," hello"
"590","But then I was like chill out Sarah"
"591"," it's just ballet"
"592","Lazy Day"
"593","chill day at the beach"
"594"," ages ago though..."
"595","winter chills"
"596","Noah and Cass"
"597","Snowdonia April 2007"
"598","Cold Chill"
"599","cat chillen 2"
"600","rainforest cruise cake"
"601","You always want what you can't have. 22/365"
"602","Moonstruck!"
"603","From Fairyland"
"604","Costa Rica"
"605","friday night @ BCG studio"
"606","Unfinished ?"
"607"," Wyse"
"608","Sanjay chilling in bedroom"
"609","Chilling with the bear the grandpas sent"
"610","Spiderman 3   Original 2007 Advance UK Quad Movie Poster -Glossy UV Coated Embossed Varnish"
"611","Chilling..."
"612","My noble steed."
"613","Even relaxen - chilling"
"614","live painting"
"615","chill logo"
"616","Dominica"
"617","Seiya Chill Chill"
"618","Sixx"
"619","chilling by the beach_001"
"620","Chill"
"621"," Dude"
"622","Sit still!"
"623","Em chills in her ""chair""."
"624","Sheffield Botanical Gardens"
"625","Sunday Summer Afternoon"
"626","Sydney"
"627","Chill night at our apartment..."
"628","Boys"
"629","Metallica some kind of monster 5"
"630","Zion & Ivan"
"631","Felix chills in his Kauri Cot"
"632"," Rakino"
"633"," Easter 2010"
"634","Hanging"
"635","Ladies of Italian Horror Panel - Chiller Theatre Spring 2010"
"636","My Current Family..."
"637","film locale - hammock chill facing kitchen"
"638","Ruhe im chill"
"639","My Cream Will Make You Scream"
"640","Old Friends 001"
"641","Summer Chill"
"642","willy 8909"
"643","Chilled Mango Pudding"
"644","I love to get caught up in beautiful things"
"645","space dock"
"646","Springtime 3"
"647","Anas superciliosa"
"648","Me and Finn chilling on the couch"
"649","Chilling in Nonni's bedroom"
"650","The Road To Chiller"
"651","Ella Loves my mom's flowers....these are her Favorite"
"652","Klein Jaap"
"653","jana"
"654","The sun wanted to play hide & seek"
"655","just chilling by the sea"
"656","Yo Gabba Gabba at Coachella"
"657","Reyes and Cora chilling"
"658","Ham and egg pie"
"659","Mickey"
"660","Thrills & Chills Sample Grid"
"661","cat"
"662","Tony Self Portrait 2/365"
"663","Wohnzimmer"
"664","Wishing Steps"
"665","Students chilling at Mimar Sina"
"666","Chill of Winter"
"667","Dook"
"668","The best seats"
"669","ice cream makes kids grow...hehe!"
